step	train/accuracy
0	0.0
1	0.0
2	0.0
3	0.0
4	0.0
5	0.0
6	0.0
7	0.0
8	0.0
9	0.0
10	0.0
11	0.0
12	0.0
13	0.0
14	4.550625817500986e-05
15	8.795197209110484e-05
16	8.277832966996357e-05
17	0.00018488033674657345
18	0.0002597664715722203
19	0.0005573371308855712
20	0.0010420969920232892
21	0.001975762192159891
22	0.004053108859807253
23	0.007143225520849228
24	0.012226815335452557
25	0.021225137636065483
26	0.03282494097948074
27	0.048481471836566925
28	0.06793927401304245
29	0.08918832242488861
30	0.11222506314516068
31	0.13521401584148407
32	0.15828776359558105
33	0.18120351433753967
34	0.20303133130073547
35	0.2238175868988037
36	0.24356189370155334
37	0.2622503638267517
38	0.2800289988517761
39	0.2970562279224396
40	0.31308621168136597
41	0.32847991585731506
42	0.34322112798690796
43	0.35720157623291016
44	0.3705044686794281
45	0.3834587037563324
46	0.3956651985645294
47	0.4073003828525543
48	0.4183977544307709
49	0.4292549788951874
50	0.4395610988140106
51	0.4495617747306824
52	0.4591407775878906
53	0.468341588973999
54	0.4772088825702667
55	0.4857727587223053
56	0.49408093094825745
57	0.5020972490310669
58	0.5098707675933838
59	0.5172609686851501
60	0.5244677662849426
61	0.5313631892204285
62	0.5380437970161438
63	0.5444890856742859
64	0.5508705973625183
65	0.5570878982543945
66	0.5629305839538574
67	0.5687277317047119
68	0.5743173956871033
69	0.5797882080078125
70	0.5851432681083679
71	0.5902134776115417
72	0.5952692627906799
73	0.6001127362251282
74	0.6048077940940857
75	0.6093965768814087
76	0.6139763593673706
77	0.618244469165802
78	0.6225736141204834
79	0.6267468333244324
80	0.6308256983757019
81	0.6347777843475342
82	0.6386135816574097
83	0.6424342393875122
84	0.6461787819862366
85	0.6497697830200195
86	0.6533634066581726
87	0.6567994952201843
88	0.6601442098617554
89	0.6634237766265869
90	0.6666353940963745
91	0.6697633862495422
92	0.6728461980819702
93	0.6758207082748413
94	0.6787583231925964
95	0.6816313862800598
96	0.6844659447669983
97	0.687194287776947
98	0.6899159550666809
99	0.6925996541976929
100	0.6951724290847778
101	0.6977401375770569
102	0.7002465128898621
103	0.7027758955955505
104	0.7051939368247986
105	0.7075612545013428
106	0.709859311580658
107	0.712134063243866
108	0.7144421935081482
109	0.716624915599823
110	0.7188034653663635
111	0.7209118008613586
112	0.7230271697044373
113	0.7250288724899292
114	0.7270636558532715
115	0.7289998531341553
116	0.7308571934700012
117	0.7328134775161743
118	0.734665036201477
119	0.736482560634613
120	0.7383072972297668
121	0.7401322722434998
122	0.741912305355072
123	0.7436193823814392
124	0.7452780604362488
125	0.7469442486763
126	0.7485902309417725
127	0.7502298951148987
128	0.7518776655197144
129	0.7534700632095337
130	0.7550213932991028
131	0.7565684914588928
132	0.7580641508102417
133	0.7595916390419006
134	0.761040449142456
135	0.7624346613883972
136	0.7639044523239136
137	0.7653294801712036
138	0.7666546106338501
139	0.7680427432060242
140	0.7693452835083008
141	0.7706548571586609
142	0.7719810605049133
143	0.7732781171798706
144	0.7745755314826965
145	0.7758266925811768
146	0.7770482897758484
147	0.7782081961631775
148	0.7794362306594849
149	0.7805995345115662
150	0.7817586064338684
151	0.7828810811042786
152	0.7840155959129333
153	0.7850964069366455
154	0.786226212978363
155	0.7873261570930481
156	0.7884253263473511
157	0.7894946932792664
158	0.7905643582344055
159	0.7916134595870972
160	0.7926491498947144
161	0.7936258912086487
162	0.7946302890777588
163	0.7955683469772339
164	0.796524167060852
165	0.7975077033042908
166	0.7984468340873718
167	0.7994169592857361
168	0.80035001039505
169	0.8012622594833374
170	0.8021502494812012
171	0.8030524849891663
172	0.8039341568946838
173	0.804826557636261
174	0.8056836128234863
175	0.8065889477729797
176	0.807441234588623
177	0.8082850575447083
178	0.8091019988059998
179	0.8099058270454407
180	0.8107191324234009
181	0.8115283846855164
182	0.8122857213020325
183	0.813036322593689
184	0.8137850165367126
185	0.8145521283149719
186	0.8152749538421631
187	0.8160459399223328
188	0.8168016076087952
189	0.8175556659698486
190	0.8183098435401917
191	0.8190532326698303
192	0.8197311758995056
193	0.820430338382721
194	0.8211224675178528
195	0.8217694163322449
196	0.8224199414253235
197	0.8231090307235718
198	0.823787271976471
199	0.8244505524635315
200	0.8251054883003235
201	0.8257544636726379
202	0.8263688087463379
203	0.8269673585891724
204	0.8275903463363647
205	0.8282001614570618
206	0.8287997841835022
207	0.8294066190719604
208	0.8300135135650635
209	0.8306439518928528
210	0.8312431573867798
211	0.8318123817443848
212	0.832416296005249
213	0.832996129989624
214	0.8335421681404114
215	0.8341416716575623
216	0.8347094058990479
217	0.8352824449539185
218	0.8358433246612549
219	0.8363974094390869
220	0.8369534611701965
221	0.837494969367981
222	0.8380325436592102
223	0.8385482430458069
224	0.8390649557113647
225	0.8395875096321106
226	0.8401101231575012
227	0.8406060934066772
228	0.8411126136779785
229	0.8416165709495544
230	0.8420835733413696
231	0.8425561785697937
232	0.8430325984954834
233	0.8435308337211609
234	0.8440259099006653
235	0.8445069789886475
236	0.8449387550354004
237	0.8453654646873474
238	0.845843493938446
239	0.8462847471237183
240	0.8467251658439636
241	0.8472082614898682
242	0.8476670980453491
243	0.8481387495994568
244	0.8485672473907471
245	0.8490204215049744
246	0.84944087266922
247	0.8498775362968445
248	0.8502795696258545
249	0.8507039546966553
250	0.851094663143158
251	0.8515028357505798
252	0.8519106507301331
253	0.8523324131965637
254	0.852708101272583
255	0.8531050086021423
256	0.8535283207893372
257	0.8539389967918396
258	0.8543248772621155
259	0.8547284603118896
260	0.8551076054573059
261	0.8554888367652893
262	0.8558816313743591
263	0.8562573194503784
264	0.8566431999206543
265	0.8570043444633484
266	0.8573738932609558
267	0.8577556014060974
268	0.8581289649009705
269	0.8584880828857422
270	0.8588739037513733
271	0.8592144250869751
272	0.8595597743988037
273	0.8599247336387634
274	0.8602932691574097
275	0.8606434464454651
276	0.8609892725944519
277	0.8613166213035583
278	0.8616220355033875
279	0.8619741797447205
280	0.8623090386390686
281	0.8626307845115662
282	0.8629443645477295
283	0.8632853627204895
284	0.8636256456375122
285	0.863950252532959
286	0.8642491102218628
287	0.8645559549331665
288	0.864861786365509
289	0.8652063608169556
290	0.8655126094818115
291	0.8658190369606018
292	0.8661282658576965
293	0.8664383292198181
294	0.8667498230934143
295	0.8670514822006226
296	0.8673458695411682
297	0.8676366806030273
298	0.8679405450820923
299	0.8682481050491333
300	0.8685410022735596
301	0.8688526153564453
302	0.8691521883010864
303	0.8694393038749695
304	0.8697322607040405
305	0.8700243234634399
306	0.8703120946884155
307	0.8705995082855225
308	0.8708652257919312
309	0.871137261390686
310	0.8714232444763184
311	0.8716932535171509
312	0.8719709515571594
313	0.8722398281097412
314	0.8725263476371765
315	0.8727831244468689
316	0.8730344772338867
317	0.8733066320419312
318	0.8735623955726624
319	0.8737985491752625
320	0.8740560412406921
321	0.8743084073066711
322	0.874557375907898
323	0.8748194575309753
324	0.8750597238540649
325	0.8753029108047485
326	0.8755373954772949
327	0.8757912516593933
328	0.8760542869567871
329	0.8762948513031006
330	0.8765231966972351
331	0.8767536282539368
332	0.876998782157898
333	0.8772440552711487
334	0.8774886727333069
335	0.877716600894928
336	0.8779507875442505
337	0.8781798481941223
338	0.8784158229827881
339	0.8786466717720032
340	0.8788760900497437
341	0.8790960311889648
342	0.8793252110481262
343	0.8795570731163025
344	0.8797750473022461
345	0.8800015449523926
346	0.8802316784858704
347	0.8804664015769958
348	0.8806982040405273
349	0.8809115290641785
350	0.8811224102973938
351	0.8813354969024658
352	0.8815671801567078
353	0.8817804455757141
354	0.8819989562034607
355	0.8821991682052612
356	0.8824251890182495
357	0.8826496005058289
358	0.8828457593917847
359	0.8830564618110657
360	0.8832393884658813
361	0.883446991443634
362	0.8836424350738525
363	0.8838273882865906
364	0.8840036988258362
365	0.8841882348060608
366	0.8843623399734497
367	0.8845809698104858
368	0.8847770094871521
369	0.8849625587463379
370	0.8851668238639832
371	0.8853639960289001
372	0.8855632543563843
373	0.8857572078704834
374	0.8859410285949707
375	0.8861101865768433
376	0.8863123655319214
377	0.8865011930465698
378	0.8866891860961914
379	0.8868710994720459
380	0.8870601058006287
381	0.8872363567352295
382	0.8874083757400513
383	0.8876057267189026
384	0.887772262096405
385	0.887948215007782
386	0.8881269097328186
387	0.8882783651351929
388	0.888457179069519
389	0.8886234164237976
390	0.8888195753097534
391	0.8889852166175842
392	0.8891602158546448
393	0.8893264532089233
394	0.8894784450531006
395	0.8896480798721313
396	0.8897920250892639
397	0.8899431228637695
398	0.890116274356842
399	0.8903019428253174
400	0.8904757499694824
401	0.8906422257423401
402	0.8908082842826843
403	0.8909609913825989
404	0.8911311626434326
405	0.8913019299507141
406	0.8914710879325867
407	0.8916264772415161
408	0.891782283782959
409	0.8919461965560913
410	0.8921014070510864
411	0.8922728896141052
412	0.8924266695976257
413	0.8925853371620178
414	0.892721951007843
415	0.8928868770599365
416	0.8930429220199585
417	0.8931991457939148
418	0.8933406472206116
419	0.89349764585495
420	0.8936434388160706
421	0.8937875032424927
422	0.8939352035522461
423	0.894084632396698
424	0.8942331671714783
425	0.8943851590156555
426	0.8945218920707703
427	0.8946492671966553
428	0.894802451133728
429	0.894942045211792
430	0.8950843811035156
431	0.8952251672744751
432	0.8953761458396912
433	0.8955106139183044
434	0.8956515789031982
435	0.8957825303077698
436	0.8959208130836487
437	0.8960586190223694
438	0.8962031602859497
439	0.8963234424591064
440	0.896462082862854
441	0.8965994715690613
442	0.896738588809967
443	0.896863579750061
444	0.8970043659210205
445	0.8971303105354309
446	0.8972563743591309
447	0.8973850607872009
448	0.8975071310997009
449	0.897636353969574
450	0.8977615833282471
451	0.8978913426399231
452	0.8980261087417603
453	0.8981495499610901
454	0.8982741236686707
455	0.8983798623085022
456	0.8985086679458618
457	0.8986239433288574
458	0.8987435698509216
459	0.8988548517227173
460	0.8989759087562561
461	0.8991138339042664
462	0.8992406725883484
463	0.8993802666664124
464	0.89951491355896
465	0.8996343612670898
466	0.899751603603363
467	0.8998795747756958
468	0.9000105261802673
469	0.9001185894012451
470	0.9002364873886108
471	0.9003574848175049
472	0.9004741311073303
473	0.9005985260009766
474	0.9007079005241394
475	0.900826632976532
476	0.9009409546852112
477	0.9010540843009949
478	0.901187002658844
479	0.9013074040412903
480	0.9014413356781006
481	0.9015592932701111
482	0.9016733169555664
483	0.9017676711082458
484	0.9018672108650208
485	0.9019890427589417
486	0.9021042585372925
487	0.9022218585014343
488	0.9023348689079285
489	0.9024439454078674
490	0.9025561809539795
491	0.9026564955711365
492	0.9027748703956604
493	0.9028930068016052
494	0.9030084609985352
495	0.9031214118003845
496	0.9032347202301025
497	0.9033368229866028
498	0.9034249186515808
499	0.9035405516624451
500	0.9036499857902527
501	0.9037517309188843
502	0.9038549065589905
503	0.903952419757843
504	0.9040591716766357
505	0.9041591882705688
506	0.9042707085609436
507	0.9043790102005005
508	0.9044786691665649
509	0.904589831829071
510	0.9047011733055115
511	0.9048091769218445
512	0.9049085974693298
513	0.9050192832946777
514	0.905125617980957
515	0.9052271842956543
516	0.9053310751914978
517	0.905437707901001
518	0.9055267572402954
519	0.9056200981140137
520	0.9057219624519348
521	0.9058279395103455
522	0.905926525592804
523	0.9060346484184265
524	0.9061338901519775
525	0.9062342047691345
526	0.9063153862953186
527	0.9064046740531921
528	0.9065076112747192
529	0.9066037535667419
530	0.9066873788833618
531	0.9067845344543457
532	0.906875491142273
533	0.9069674015045166
534	0.9070534110069275
535	0.9071443676948547
536	0.9072493314743042
537	0.9073402285575867
538	0.9074223637580872
539	0.9075250029563904
540	0.9076017141342163
541	0.9076974987983704
542	0.9077938795089722
543	0.9078996181488037
544	0.9080033898353577
545	0.9081062078475952
546	0.9081997871398926
547	0.9082876443862915
548	0.908394455909729
549	0.9084892868995667
550	0.9085952043533325
551	0.9086881875991821
552	0.9087940454483032
553	0.9088827967643738
554	0.9089797139167786
555	0.9090766310691833
556	0.9091627597808838
557	0.909272313117981
558	0.9093787670135498
559	0.9094907641410828
560	0.9096070528030396
561	0.9097254872322083
562	0.9098277688026428
563	0.9099372029304504
564	0.910042941570282
565	0.910150945186615
566	0.9102490544319153
567	0.9103471040725708
568	0.9104495048522949
569	0.9105507135391235
570	0.9106650352478027
571	0.9107828140258789
572	0.9108856916427612
573	0.9110035300254822
574	0.9111059308052063
575	0.9112151265144348
576	0.9113175272941589
577	0.9114252328872681
578	0.9115357995033264
579	0.9116418361663818
580	0.9117600917816162
581	0.9118789434432983
582	0.9119926691055298
583	0.9120970368385315
584	0.9121996164321899
585	0.9123218655586243
586	0.9124301671981812
587	0.9125359058380127
588	0.9126494526863098
589	0.9127447605133057
590	0.9128462672233582
591	0.912959098815918
592	0.9130750298500061
593	0.9131865501403809
594	0.9133000373840332
595	0.9134116172790527
596	0.91352778673172
597	0.9136345386505127
598	0.913750410079956
599	0.913865864276886
600	0.9139828681945801
601	0.9140928983688354
602	0.9142031073570251
603	0.9143070578575134
604	0.9144167304039001
605	0.9145370125770569
606	0.9146503210067749
607	0.9147652983665466
608	0.9148749113082886
609	0.9149816036224365
610	0.9151026010513306
611	0.9152116775512695
612	0.9153250455856323
613	0.915438175201416
614	0.9155498743057251
615	0.9156637787818909
616	0.9157722592353821
617	0.9158833026885986
618	0.9159978628158569
619	0.9161096215248108
620	0.9162204265594482
621	0.9163228869438171
622	0.9164396524429321
623	0.9165536165237427
624	0.9166671633720398
625	0.9167837500572205
626	0.9168936610221863
627	0.9170054197311401
628	0.9171255826950073
629	0.9172349572181702
630	0.9173490405082703
631	0.9174641370773315
632	0.9175761938095093
633	0.917681872844696
634	0.917794942855835
635	0.9179070591926575
636	0.9180198907852173
637	0.9181296825408936
638	0.9182386994361877
639	0.9183483123779297
640	0.9184622764587402
641	0.9185630083084106
642	0.9186800122261047
643	0.9187918901443481
644	0.9188963174819946
645	0.9190028309822083
646	0.9191159605979919
647	0.9192238450050354
648	0.9193361401557922
649	0.9194425344467163
650	0.9195522665977478
651	0.9196609854698181
652	0.9197624325752258
653	0.9198659062385559
654	0.9199730157852173
655	0.9200708270072937
656	0.9201698899269104
657	0.9202800989151001
658	0.9203882217407227
659	0.9204881191253662
660	0.9205834865570068
661	0.9206863045692444
662	0.9208013415336609
663	0.9209030270576477
664	0.9210108518600464
665	0.9211167097091675
666	0.9212210178375244
667	0.921326220035553
668	0.9214295148849487
669	0.9215317368507385
670	0.9216307401657104
671	0.9217318296432495
672	0.9218303561210632
673	0.9219246506690979
674	0.922022819519043
675	0.9221137166023254
676	0.9222151637077332
677	0.9223150014877319
678	0.9224215149879456
679	0.9225168824195862
680	0.9226122498512268
681	0.9227021336555481
682	0.9228023290634155
683	0.9228988289833069
684	0.9229943156242371
685	0.9230936765670776
686	0.9231922626495361
687	0.9232862591743469
688	0.9233849048614502
689	0.9234827160835266
690	0.9235749840736389
691	0.9236683249473572
692	0.923764169216156
693	0.9238573312759399
694	0.9239473938941956
695	0.9240410327911377
696	0.9241378307342529
697	0.9242342710494995
698	0.9243340492248535
699	0.9244307279586792
700	0.9245288372039795
701	0.9246195554733276
702	0.924712061882019
703	0.9248104095458984
704	0.9248976111412048
705	0.9249913096427917
706	0.9250880479812622
707	0.9251830577850342
708	0.9252789616584778
709	0.9253706932067871
710	0.9254653453826904
711	0.9255594611167908
712	0.9256419539451599
713	0.9257292747497559
714	0.9258193969726562
715	0.9259159564971924
716	0.9260098338127136
717	0.9261022210121155
718	0.926194429397583
719	0.9262902140617371
720	0.9263813495635986
721	0.9264770746231079
722	0.9265711903572083
723	0.9266613721847534
724	0.9267467856407166
725	0.9268413782119751
726	0.9269271492958069
727	0.9270116686820984
728	0.9270975589752197
729	0.9271894693374634
730	0.9272831082344055
731	0.9273736476898193
732	0.9274614453315735
733	0.9275515079498291
734	0.9276373982429504
735	0.9277216792106628
736	0.9278090596199036
737	0.9279014468193054
738	0.9279875755310059
739	0.9280698895454407
740	0.9281538128852844
741	0.9282419085502625
742	0.9283238053321838
743	0.9284079670906067
744	0.928493857383728
745	0.9285813570022583
746	0.9286661744117737
747	0.9287516474723816
748	0.9288357496261597
749	0.9289237260818481
750	0.9290115833282471
751	0.9290912747383118
752	0.9291843771934509
753	0.9292672872543335
754	0.9293532967567444
755	0.9294379353523254
756	0.9295192360877991
757	0.9296090602874756
758	0.9296941161155701
759	0.929777204990387
760	0.9298632144927979
761	0.9299502968788147
762	0.930035412311554
763	0.9301215410232544
764	0.9302085638046265
765	0.9302959442138672
766	0.9303824305534363
767	0.9304661750793457
768	0.9305500984191895
769	0.9306339621543884
770	0.9307135939598083
771	0.9307968616485596
772	0.9308838248252869
773	0.9309613704681396
774	0.9310373067855835
775	0.9311209321022034
776	0.9312013387680054
777	0.9312781095504761
778	0.931358277797699
779	0.93143230676651
780	0.9315122365951538
781	0.9315987825393677
782	0.9316806197166443
783	0.9317587018013
784	0.9318360090255737
785	0.9319143295288086
786	0.9319911003112793
787	0.9320662617683411
788	0.9321433901786804
789	0.932223379611969
790	0.9323059320449829
791	0.9323827624320984
792	0.9324643015861511
793	0.9325393438339233
794	0.9326196312904358
795	0.9326955676078796
796	0.9327688217163086
797	0.9328436851501465
798	0.9329182505607605
799	0.9329940676689148
800	0.9330695271492004
801	0.9331504702568054
802	0.9332301020622253
803	0.9333063364028931
804	0.9333835244178772
805	0.933457612991333
806	0.9335310459136963
807	0.9336093068122864
808	0.9336839318275452
809	0.9337570667266846
810	0.9338324666023254
811	0.9339118003845215
812	0.9339906573295593
813	0.9340649843215942
814	0.93413907289505
815	0.9342125654220581
816	0.9342839121818542
817	0.9343634247779846
818	0.9344370365142822
819	0.934509813785553
820	0.9345783591270447
821	0.9346539378166199
822	0.9347242712974548
823	0.9347977638244629
824	0.934873640537262
825	0.9349491000175476
826	0.9350215196609497
827	0.9350907802581787
828	0.9351637959480286
829	0.9352349042892456
830	0.9353044033050537
831	0.9353736042976379
832	0.9354475140571594
833	0.9355204701423645
834	0.9355943202972412
835	0.9356669783592224
836	0.9357391595840454
837	0.9358111023902893
838	0.9358840584754944
839	0.9359515309333801
840	0.936023473739624
841	0.9360955357551575
842	0.9361639618873596
843	0.9362366795539856
844	0.9363000392913818
845	0.9363726377487183
846	0.9364426732063293
847	0.9365105628967285
848	0.9365791082382202
849	0.9366487264633179
850	0.9367164969444275
851	0.9367866516113281
852	0.9368558526039124
853	0.936927318572998
854	0.936994731426239
855	0.9370650053024292
856	0.937136709690094
857	0.9372037649154663
858	0.9372709393501282
859	0.9373399615287781
860	0.937405526638031
861	0.9374772906303406
862	0.9375432729721069
863	0.9376115202903748
864	0.9376788139343262
865	0.9377461075782776
866	0.937813401222229
867	0.9378801584243774
868	0.9379501342773438
869	0.9380135536193848
870	0.9380772113800049
871	0.9381450414657593
872	0.9382101893424988
873	0.9382746815681458
874	0.938340961933136
875	0.9384047985076904
876	0.9384700059890747
877	0.9385355114936829
878	0.9386016130447388
879	0.9386667013168335
880	0.9387287497520447
881	0.9387912750244141
882	0.9388548731803894
883	0.9389156699180603
884	0.938976526260376
885	0.9390403628349304
886	0.9391043186187744
887	0.9391676187515259
888	0.9392338395118713
889	0.9392982721328735
890	0.939359188079834
891	0.9394212365150452
892	0.9394863843917847
893	0.9395487308502197
894	0.9396072030067444
895	0.9396713972091675
896	0.9397327303886414
897	0.9397967457771301
898	0.9398587942123413
899	0.9399177432060242
900	0.9399827122688293
901	0.9400483965873718
902	0.9401077032089233
903	0.9401679039001465
904	0.9402306079864502
905	0.9402906894683838
906	0.9403518438339233
907	0.9404150247573853
908	0.9404754042625427
909	0.9405398964881897
910	0.9405959248542786
911	0.9406596422195435
912	0.9407214522361755
913	0.9407840371131897
914	0.9408451914787292
915	0.940900444984436
916	0.9409617185592651
917	0.9410245418548584
918	0.9410857558250427
919	0.9411489963531494
920	0.9412057995796204
921	0.9412660002708435
922	0.9413288831710815
923	0.9413923621177673
924	0.9414535760879517
925	0.9415130019187927
926	0.9415736794471741
927	0.941635012626648
928	0.9416914582252502
929	0.941747784614563
930	0.9418033957481384
931	0.9418599605560303
932	0.941920280456543
933	0.9419817924499512
934	0.942042350769043
935	0.9421017169952393
936	0.9421605467796326
937	0.9422191381454468
938	0.9422751069068909
939	0.9423340559005737
940	0.9423924088478088
941	0.9424475431442261
942	0.9424986243247986
943	0.9425566792488098
944	0.9426131248474121
945	0.9426693916320801
946	0.9427210688591003
947	0.9427784085273743
948	0.9428331851959229
949	0.9428882002830505
950	0.9429466724395752
951	0.942999005317688
952	0.9430544972419739
953	0.9431103467941284
954	0.9431665539741516
955	0.9432224035263062
956	0.9432781338691711
957	0.9433285593986511
958	0.9433860778808594
959	0.9434422254562378
960	0.9434941411018372
961	0.9435480237007141
962	0.9436032176017761
963	0.9436596035957336
964	0.9437144994735718
965	0.9437689185142517
966	0.9438225626945496
967	0.9438735842704773
968	0.9439271092414856
969	0.9439817667007446
970	0.9440365433692932
971	0.9440914988517761
972	0.9441437721252441
973	0.9441980719566345
974	0.9442509412765503
975	0.944304883480072
976	0.9443590044975281
977	0.9444099068641663
978	0.9444635510444641
979	0.9445173740386963
980	0.9445701241493225
981	0.9446250796318054
982	0.9446759819984436
983	0.9447293281555176
984	0.9447832107543945
985	0.9448355436325073
986	0.9448873996734619
987	0.9449412226676941
988	0.9449949860572815
989	0.9450491666793823
990	0.9451003074645996
991	0.9451543688774109
992	0.9452062249183655
993	0.9452586770057678
994	0.9453101754188538
995	0.9453628063201904
996	0.945414125919342
997	0.9454664587974548
998	0.945518970489502
999	0.9455687403678894
1000	0.9456198215484619
1001	0.9456714391708374
1002	0.945723295211792
1003	0.9457750916481018
1004	0.9458222389221191
1005	0.9458698630332947
1006	0.9459200501441956
1007	0.9459694027900696
1008	0.9460170269012451
1009	0.946069061756134
1010	0.9461184740066528
1011	0.9461696743965149
1012	0.9462206959724426
1013	0.9462729692459106
1014	0.9463211894035339
1015	0.9463719725608826
1016	0.9464200139045715
1017	0.9464667439460754
1018	0.9465166330337524
1019	0.946564793586731
1020	0.9466139078140259
1021	0.9466607570648193
1022	0.9467054605484009
1023	0.9467574954032898
1024	0.9468069076538086
1025	0.9468579888343811
1026	0.9469058513641357
1027	0.9469543695449829
1028	0.9470052123069763
1029	0.9470567107200623
1030	0.9471051692962646
1031	0.9471544027328491
1032	0.9472028017044067
1033	0.9472501873970032
1034	0.9472965598106384
1035	0.9473437666893005
1036	0.9473931789398193
1037	0.9474424719810486
1038	0.9474909901618958
1039	0.9475399255752563
1040	0.9475875496864319
1041	0.9476354718208313
1042	0.9476836919784546
1043	0.9477324485778809
1044	0.9477817416191101
1045	0.9478303790092468
1046	0.947875440120697
1047	0.9479225277900696
1048	0.9479706287384033
1049	0.9480177164077759
1050	0.9480621218681335
1051	0.9481030106544495
1052	0.9481515288352966
1053	0.9481953382492065
1054	0.9482396841049194
1055	0.948287308216095
1056	0.9483345150947571
1057	0.948378324508667
1058	0.9484242796897888
1059	0.9484696984291077
1060	0.9485148787498474
1061	0.9485571384429932
1062	0.9486013650894165
1063	0.9486446976661682
1064	0.948689877986908
1065	0.9487341046333313
1066	0.9487801194190979
1067	0.9488250017166138
1068	0.9488689303398132
1069	0.9489121437072754
1070	0.9489569067955017
1071	0.9490021467208862
1072	0.9490469694137573
1073	0.9490923881530762
1074	0.9491365551948547
1075	0.9491810202598572
1076	0.949221670627594
1077	0.9492663741111755
1078	0.9493111968040466
1079	0.9493558406829834
1080	0.9493991136550903
1081	0.9494410157203674
1082	0.9494839906692505
1083	0.9495264291763306
1084	0.9495683312416077
1085	0.949611246585846
1086	0.9496569633483887
1087	0.9497002959251404
1088	0.9497459530830383
1089	0.9497875571250916
1090	0.9498324394226074
1091	0.9498770833015442
1092	0.949918806552887
1093	0.9499632120132446
1094	0.9500071406364441
1095	0.950049638748169
1096	0.9500812292098999
1097	0.9501222968101501
1098	0.9501607418060303
1099	0.9502002000808716
1100	0.9502334594726562
1101	0.9502528309822083
1102	0.9502922892570496
1103	0.9503219127655029
1104	0.9503589272499084
1105	0.950394868850708
1106	0.9504317045211792
1107	0.9504612684249878
1108	0.9504936337471008
1109	0.9505306482315063
1110	0.950563371181488
1111	0.950598418712616
1112	0.9506348967552185
1113	0.9506726264953613
1114	0.9507105350494385
1115	0.9507484436035156
1116	0.9507889151573181
1117	0.950827419757843
1118	0.9508655667304993
1119	0.9509080052375793
1120	0.9509491920471191
1121	0.9509875774383545
1122	0.9510288238525391
1123	0.9510680437088013
1124	0.9511066675186157
1125	0.9511481523513794
1126	0.9511869549751282
1127	0.9512271881103516
1128	0.9512697458267212
1129	0.9513084292411804
1130	0.9513502717018127
1131	0.9513863325119019
1132	0.9514249563217163
1133	0.9514659643173218
1134	0.9515087008476257
1135	0.9515495896339417
1136	0.9515916705131531
1137	0.9516329169273376
1138	0.9516741037368774
1139	0.9517164826393127
1140	0.951753556728363
1141	0.951793372631073
1142	0.9518336057662964
1143	0.9518744349479675
1144	0.9519152641296387
1145	0.9519541263580322
1146	0.9519941210746765
1147	0.9520320296287537
1148	0.9520714282989502
1149	0.9521103501319885
1150	0.9521503448486328
1151	0.9521892070770264
1152	0.9522300362586975
1153	0.9522684812545776
1154	0.9523086547851562
1155	0.9523471593856812
1156	0.9523862600326538
1157	0.9524261951446533
1158	0.9524642825126648
1159	0.952503502368927
1160	0.9525420069694519
1161	0.9525816440582275
1162	0.9526196122169495
1163	0.952656626701355
1164	0.9526972770690918
1165	0.9527341723442078
1166	0.9527713656425476
1167	0.9528098702430725
1168	0.9528496265411377
1169	0.9528893232345581
1170	0.9529273509979248
1171	0.9529625177383423
1172	0.952999472618103
1173	0.9530372619628906
1174	0.9530754685401917
1175	0.9531122446060181
1176	0.9531514644622803
1177	0.9531852006912231
1178	0.9532223343849182
1179	0.953259289264679
1180	0.9532970190048218
1181	0.953334629535675
1182	0.953370988368988
1183	0.9534059762954712
1184	0.9534446597099304
1185	0.9534821510314941
1186	0.9535195827484131
1187	0.9535569548606873
1188	0.9535908102989197
1189	0.9536263942718506
1190	0.953664243221283
1191	0.9537011384963989
1192	0.9537393450737
1193	0.9537751078605652
1194	0.9538106322288513
1195	0.9538459777832031
1196	0.9538834095001221
1197	0.9539201855659485
1198	0.9539566040039062
1199	0.953993022441864
1200	0.9540296196937561
1201	0.9540647268295288
1202	0.9541015625
1203	0.9541383385658264
1204	0.9541752934455872
1205	0.9542108774185181
1206	0.9542464017868042
1207	0.9542814493179321
1208	0.9543181657791138
1209	0.9543531537055969
1210	0.9543908834457397
1211	0.954425573348999
1212	0.9544605016708374
1213	0.9544962048530579
1214	0.9545314908027649
1215	0.9545660614967346
1216	0.9546014070510864
1217	0.9546368718147278
1218	0.9546714425086975
1219	0.9547064900398254
1220	0.9547424912452698
1221	0.9547784328460693
1222	0.9548141956329346
1223	0.9548481702804565
1224	0.9548830986022949
1225	0.9549181461334229
1226	0.9549508690834045
1227	0.9549847841262817
1228	0.955017626285553
1229	0.9550501108169556
1230	0.9550843834877014
1231	0.9551202058792114
1232	0.9551560282707214
1233	0.9551900029182434
1234	0.9552255868911743
1235	0.9552590847015381
1236	0.9552937746047974
1237	0.9553272128105164
1238	0.9553611874580383
1239	0.9553945064544678
1240	0.9554293155670166
1241	0.9554641842842102
1242	0.9554988145828247
1243	0.955533504486084
1244	0.9555675983428955
1245	0.955601692199707
1246	0.955635130405426
1247	0.9556675553321838
1248	0.9556995034217834
1249	0.9557316303253174
1250	0.9557658433914185
1251	0.9558001160621643
1252	0.9558326601982117
1253	0.9558678865432739
1254	0.9559012055397034
1255	0.9559323191642761
1256	0.9559658169746399
1257	0.9559991955757141
1258	0.9560326933860779
1259	0.9560651779174805
1260	0.9560988545417786
1261	0.9561285972595215
1262	0.9561612010002136
1263	0.9561952948570251
1264	0.9562281966209412
1265	0.9562616348266602
1266	0.9562961459159851
1267	0.956328272819519
1268	0.956362247467041
1269	0.9563950300216675
1270	0.956426203250885
1271	0.9564598798751831
1272	0.9564908146858215
1273	0.9565224647521973
1274	0.9565535187721252
1275	0.9565868973731995
1276	0.9566125869750977
1277	0.9566426873207092
1278	0.956670880317688
1279	0.956699013710022
1280	0.9567300081253052
1281	0.9567602872848511
1282	0.9567904472351074
1283	0.9568204879760742
1284	0.956849992275238
1285	0.9568785429000854
1286	0.9569088220596313
1287	0.9569361209869385
1288	0.9569689631462097
1289	0.9570006728172302
1290	0.9570327401161194
1291	0.9570643305778503
1292	0.9570936560630798
1293	0.957123339176178
1294	0.9571558833122253
1295	0.9571857452392578
1296	0.9572160243988037
1297	0.9572477340698242
1298	0.957279622554779
1299	0.9573107957839966
1300	0.9573377966880798
1301	0.9573694467544556
1302	0.9574007391929626
1303	0.9574323892593384
1304	0.9574644565582275
1305	0.957495391368866
1306	0.9575268030166626
1307	0.9575583338737488
1308	0.9575902819633484
1309	0.9576221108436584
1310	0.9576533436775208
1311	0.9576828479766846
1312	0.9577118754386902
1313	0.9577414393424988
1314	0.9577731490135193
1315	0.9578028917312622
1316	0.9578331112861633
1317	0.9578636288642883
1318	0.9578949809074402
1319	0.9579238295555115
1320	0.9579552412033081
1321	0.9579837322235107
1322	0.9580144286155701
1323	0.9580432176589966
1324	0.9580724239349365
1325	0.9581006765365601
1326	0.958130419254303
1327	0.958160400390625
1328	0.9581908583641052
1329	0.9582196474075317
1330	0.9582504630088806
1331	0.9582811594009399
1332	0.958311915397644
1333	0.9583414196968079
1334	0.9583711624145508
1335	0.9584009647369385
1336	0.9584311842918396
1337	0.9584605097770691
1338	0.9584895372390747
1339	0.9585186839103699
1340	0.9585496187210083
1341	0.958579957485199
1342	0.958608865737915
1343	0.9586396813392639
1344	0.9586663842201233
1345	0.9586959481239319
1346	0.9587261080741882
1347	0.958755612373352
1348	0.9587852358818054
1349	0.9588125944137573
1350	0.9588401913642883
1351	0.9588705897331238
1352	0.9588981866836548
1353	0.9589259624481201
1354	0.9589551687240601
1355	0.958985447883606
1356	0.9590147733688354
1357	0.9590427875518799
1358	0.9590706825256348
1359	0.9591002464294434
1360	0.9591302871704102
1361	0.9591575264930725
1362	0.9591847062110901
1363	0.9592133164405823
1364	0.9592431783676147
1365	0.9592716097831726
1366	0.9592989087104797
1367	0.959327757358551
1368	0.9593543410301208
1369	0.9593817591667175
1370	0.9594081044197083
1371	0.9594343900680542
1372	0.9594634175300598
1373	0.9594914317131042
1374	0.9595203399658203
1375	0.9595491290092468
1376	0.9595765471458435
1377	0.9596043825149536
1378	0.9596323370933533
1379	0.9596585035324097
1380	0.9596866369247437
1381	0.9597158432006836
1382	0.9597433805465698
1383	0.959769606590271
1384	0.9597976803779602
1385	0.9598267078399658
1386	0.9598540663719177
1387	0.9598810076713562
1388	0.9599085450172424
1389	0.9599364995956421
1390	0.9599639177322388
1391	0.9599910974502563
1392	0.9600198268890381
1393	0.9600465893745422
1394	0.9600732922554016
1395	0.9600991606712341
1396	0.9601235389709473
1397	0.9601462483406067
1398	0.9601719975471497
1399	0.9601999521255493
1400	0.9602267146110535
1401	0.9602532386779785
1402	0.9602775573730469
1403	0.9603038430213928
1404	0.9603283405303955
1405	0.9603551030158997
1406	0.9603806138038635
1407	0.9604063630104065
1408	0.960432231426239
1409	0.9604592323303223
1410	0.9604851007461548
1411	0.9605111479759216
1412	0.9605385661125183
1413	0.9605655670166016
1414	0.9605929255485535
1415	0.9606198072433472
1416	0.9606457352638245
1417	0.9606719017028809
1418	0.9606996178627014
1419	0.9607238173484802
1420	0.9607453346252441
1421	0.9607691764831543
1422	0.9607937335968018
1423	0.9608169794082642
1424	0.9608380198478699
1425	0.9608613848686218
1426	0.9608860611915588
1427	0.9609128832817078
1428	0.9609391093254089
1429	0.9609619379043579
1430	0.9609881043434143
1431	0.9610098004341125
1432	0.9610329866409302
1433	0.9610576033592224
1434	0.9610814452171326
1435	0.9611040949821472
1436	0.9611279368400574
1437	0.9611495733261108
1438	0.9611734747886658
1439	0.9611982703208923
1440	0.9612222909927368
1441	0.9612368941307068
1442	0.9612534642219543
1443	0.961276650428772
1444	0.9612951874732971
1445	0.9613156914710999
1446	0.961338222026825
1447	0.9613639116287231
1448	0.9613862037658691
1449	0.9614109396934509
1450	0.9614360332489014
1451	0.9614596366882324
1452	0.9614826440811157
1453	0.9615076184272766
1454	0.9615330100059509
1455	0.9615569114685059
1456	0.9615804553031921
1457	0.9616042971611023
1458	0.9616286754608154
1459	0.9616533517837524
1460	0.9616779685020447
1461	0.9617020487785339
1462	0.9617276787757874
1463	0.9617533087730408
1464	0.9617779850959778
1465	0.9618024826049805
1466	0.9618276357650757
1467	0.9618489742279053
1468	0.9618724584579468
1469	0.9618968963623047
1470	0.9619216918945312
1471	0.9619447588920593
1472	0.9619684219360352
1473	0.9619923830032349
1474	0.9620176553726196
1475	0.9620420336723328
1476	0.9620662927627563
1477	0.9620891809463501
1478	0.9621137976646423
1479	0.9621352553367615
1480	0.9621603488922119
1481	0.962184488773346
1482	0.9622079133987427
1483	0.9622324109077454
1484	0.9622567892074585
1485	0.9622811079025269
1486	0.9623039364814758
1487	0.9623284339904785
1488	0.9623525142669678
1489	0.9623752236366272
1490	0.9623981714248657
1491	0.9624204039573669
1492	0.9624456167221069
1493	0.9624667167663574
1494	0.9624913334846497
1495	0.9625135064125061
1496	0.9625381231307983
1497	0.9625610709190369
1498	0.9625833630561829
1499	0.9626054167747498
1500	0.9626290202140808
1501	0.9626502990722656
1502	0.9626739621162415
1503	0.96269690990448
1504	0.9627197980880737
1505	0.9627436995506287
1506	0.9627671837806702
1507	0.9627900719642639
1508	0.9628138542175293
1509	0.9628352522850037
1510	0.9628589749336243
1511	0.9628812074661255
1512	0.9629047513008118
1513	0.962925136089325
1514	0.9629487991333008
1515	0.9629732370376587
1516	0.9629945755004883
1517	0.9630143046379089
1518	0.9630369544029236
1519	0.9630597829818726
1520	0.9630827307701111
1521	0.9631065130233765
1522	0.9631299376487732
1523	0.9631509184837341
1524	0.9631751179695129
1525	0.9631972908973694
1526	0.9632205367088318
1527	0.963244616985321
1528	0.9632681608200073
1529	0.9632921814918518
1530	0.9633153676986694
1531	0.9633389115333557
1532	0.9633606672286987
1533	0.9633820652961731
1534	0.963405966758728
1535	0.9634277820587158
1536	0.963451087474823
1537	0.9634724855422974
1538	0.963493287563324
1539	0.9635146260261536
1540	0.9635364413261414
1541	0.9635571837425232
1542	0.963580310344696
1543	0.9636020064353943
1544	0.9636228680610657
1545	0.963646411895752
1546	0.9636673331260681
1547	0.963689923286438
1548	0.9637113809585571
1549	0.9637326002120972
1550	0.9637514352798462
1551	0.9637730121612549
1552	0.9637941718101501
1553	0.9638160467147827
1554	0.9638379812240601
1555	0.963860273361206
1556	0.9638815522193909
1557	0.9639025926589966
1558	0.9639241695404053
1559	0.9639441967010498
1560	0.9639667868614197
1561	0.9639869332313538
1562	0.9640094637870789
1563	0.9640303254127502
1564	0.9640532732009888
1565	0.964073657989502
1566	0.964096188545227
1567	0.9641178846359253
1568	0.9641398787498474
1569	0.9641610383987427
1570	0.964181661605835
1571	0.964202344417572
1572	0.964224636554718
1573	0.9642473459243774
1574	0.9642695784568787
1575	0.9642894864082336
1576	0.9643112421035767
1577	0.964331328868866
1578	0.9643534421920776
1579	0.9643736481666565
1580	0.9643957018852234
1581	0.9644181728363037
1582	0.9644391536712646
1583	0.9644607305526733
1584	0.9644810557365417
1585	0.9645031094551086
1586	0.9645242094993591
1587	0.9645439386367798
1588	0.9645652770996094
1589	0.9645875692367554
1590	0.9646080732345581
1591	0.9646298289299011
1592	0.9646497964859009
1593	0.9646710753440857
1594	0.9646923542022705
1595	0.9647114276885986
1596	0.9647303819656372
1597	0.9647517204284668
1598	0.9647718071937561
1599	0.9647930264472961
1600	0.9648123383522034
1601	0.9648322463035583
1602	0.9648513793945312
1603	0.9648711681365967
1604	0.9648913741111755
1605	0.964911162853241
1606	0.9649319648742676
1607	0.9649524688720703
1608	0.9649738073348999
1609	0.9649955630302429
1610	0.9650154709815979
1611	0.9650363326072693
1612	0.9650567173957825
1613	0.9650755524635315
1614	0.9650954008102417
1615	0.9651150703430176
1616	0.9651355147361755
1617	0.9651542901992798
1618	0.9651753306388855
1619	0.9651951193809509
1620	0.9652165770530701
1621	0.9652365446090698
1622	0.9652550220489502
1623	0.9652760028839111
1624	0.965295672416687
1625	0.965315580368042
1626	0.9653360843658447
1627	0.9653547406196594
1628	0.9653760194778442
1629	0.9653955101966858
1630	0.9654163122177124
1631	0.9654359221458435
1632	0.9654508829116821
1633	0.9654720425605774
1634	0.9654918313026428
1635	0.9655115604400635
1636	0.9655321836471558
1637	0.9655523300170898
1638	0.9655707478523254
1639	0.9655904769897461
1640	0.9656097292900085
1641	0.965630292892456
1642	0.9656491875648499
1643	0.9656689167022705
1644	0.965688169002533
1645	0.9657086133956909
1646	0.9657281041145325
1647	0.9657460451126099
1648	0.9657649397850037
1649	0.9657852649688721
1650	0.9658050537109375
1651	0.9658253192901611
1652	0.9658451080322266
